review_id,album_id,reviewer,review_date,review_score
2020-0,2020-0,New Musical Express (NME),16/04/2020,100
2020-1,2020-0,Q Magazine,15/04/2020,100
2020-2,2020-0,Clash Music,15/04/2020,90
2020-3,2020-0,The Line of Best Fit,15/04/2020,90
2020-4,2020-0,Paste Magazine,16/04/2020,85
2020-5,2020-0,The Independent (UK),16/04/2020,80
2020-6,2020-0,DIY Magazine,16/04/2020,80
2020-7,2020-0,The Skinny,15/04/2020,80
2020-8,2020-1,The Independent (UK),10/04/2020,100
2020-9,2020-1,The Telegraph (UK),09/04/2020,100
2020-10,2020-1,New Musical Express (NME),09/04/2020,100
2020-11,2020-1,The Line of Best Fit,10/04/2020,90
2020-12,2020-1,Paste Magazine,10/04/2020,88
2020-13,2020-1,musicOMH.com,15/04/2020,80
2020-14,2020-1,Exclaim,10/04/2020,80
2020-15,2020-1,The Guardian,09/04/2020,80
2020-16,2020-1,Clash Music,09/04/2020,80
2020-17,2020-1,Beats Per Minute,10/04/2020,77
2020-18,2020-1,Pitchfork,13/04/2020,76
2020-19,2020-2,The Skinny,02/04/2020,100
2020-20,2020-2,Glide Magazine,08/04/2020,90
2020-21,2020-2,AllMusic,06/04/2020,90
2020-22,2020-2,PopMatters,03/04/2020,90
2020-23,2020-2,Paste Magazine,03/04/2020,90
2020-24,2020-2,The Quietus,02/04/2020,90
2020-25,2020-2,Exclaim,02/04/2020,90
2020-26,2020-2,Beats Per Minute,03/04/2020,88
2020-27,2020-2,Under The Radar,06/04/2020,85
2020-28,2020-2,Pitchfork,03/04/2020,85
2020-29,2020-2,No Ripcord,15/04/2020,80
2020-30,2020-2,Q Magazine,07/04/2020,80
2020-31,2020-2,musicOMH.com,06/04/2020,80
2020-32,2020-2,The Line of Best Fit,03/04/2020,80
2020-33,2020-2,Clash Music,02/04/2020,80
2020-34,2020-2,The Guardian,02/04/2020,80
2020-35,2020-3,The Independent (UK),26/03/2020,100
2020-36,2020-3,DIY Magazine,26/03/2020,100
2020-37,2020-3,New Musical Express (NME),26/03/2020,100
2020-38,2020-3,Variety,27/03/2020,92
2020-39,2020-3,Entertainment Weekly,26/03/2020,91
2020-40,2020-3,AllMusic,02/04/2020,90
2020-41,2020-3,Clash Music,26/03/2020,90
2020-42,2020-3,The Line of Best Fit,26/03/2020,90
2020-43,2020-3,PopMatters,27/03/2020,80
2020-44,2020-3,Exclaim,27/03/2020,80
2020-45,2020-3,musicOMH.com,27/03/2020,80
2020-46,2020-3,The Guardian,27/03/2020,80
2020-47,2020-3,Rolling Stone,26/03/2020,80
2020-48,2020-3,The Telegraph (UK),26/03/2020,80
2020-49,2020-3,Slant Magazine,26/03/2020,80
2020-50,2020-3,Pitchfork,26/03/2020,75
2020-51,2020-3,PopMatters,30/03/2020,70
2020-52,2020-3,Under The Radar,27/03/2020,65
2020-53,2020-4,The Wire,03/03/2020,90
2020-54,2020-4,Clash Music,07/02/2020,90
2020-55,2020-4,The Line of Best Fit,05/02/2020,90
2020-56,2020-4,Uncut,05/02/2020,90
2020-57,2020-4,Pitchfork,07/02/2020,86
2020-58,2020-4,Dusted Magazine,20/02/2020,80
2020-59,2020-4,AllMusic,07/02/2020,80
2020-60,2020-4,The Guardian,07/02/2020,80
2020-61,2020-4,Q Magazine,05/02/2020,80
2020-62,2020-4,Exclaim,05/02/2020,80
2020-63,2020-5,The Guardian,27/03/2020,100
2020-64,2020-5,The Independent (UK),26/03/2020,100
2020-65,2020-5,The Line of Best Fit,25/03/2020,95
2020-66,2020-5,Consequence of Sound,27/03/2020,91
2020-67,2020-5,Paste Magazine,01/04/2020,90
2020-68,2020-5,Sputnikmusic,01/04/2020,90
2020-69,2020-5,Clash Music,30/03/2020,90
2020-70,2020-5,DIY Magazine,26/03/2020,90
2020-71,2020-5,PopMatters,25/03/2020,90
2020-72,2020-5,Exclaim,24/03/2020,90
2020-73,2020-5,Pitchfork,27/03/2020,87
2020-74,2020-5,Under The Radar,25/03/2020,85
2020-75,2020-5,The New York Times,01/04/2020,80
2020-76,2020-5,musicOMH.com,01/04/2020,80
2020-77,2020-5,Uncut,26/03/2020,80
2020-78,2020-5,AllMusic,26/03/2020,80
2020-79,2020-5,Rolling Stone,25/03/2020,80
2020-80,2020-5,Mojo,23/03/2020,80
2020-81,2020-5,Q Magazine,23/03/2020,80
2020-82,2020-5,The Skinny,23/03/2020,80
2020-83,2020-5,Slant Magazine,23/03/2020,80
2020-84,2020-5,No Ripcord,03/04/2020,70
2020-85,2020-5,American Songwriter,25/03/2020,70
2020-86,2020-5,The Observer (UK),30/03/2020,60
2020-87,2020-6,The Guardian,07/02/2020,100
2020-88,2020-6,Resident Advisor,11/02/2020,90
2020-89,2020-6,Pitchfork,12/02/2020,83
2020-90,2020-6,The Wire,05/02/2020,80
2020-91,2020-6,Mojo,04/02/2020,80
2020-92,2020-6,Q Magazine,04/02/2020,80
2020-93,2020-6,The Line of Best Fit,04/02/2020,80
2020-94,2020-6,Uncut,04/02/2020,80
2020-95,2020-7,New Musical Express (NME),27/01/2020,100
2020-96,2020-7,The Line of Best Fit,27/01/2020,90
2020-97,2020-7,The Wire,11/03/2020,80
2020-98,2020-7,Q Magazine,11/02/2020,80
2020-99,2020-7,The Independent (UK),06/02/2020,80
2020-100,2020-7,The Observer (UK),03/02/2020,80
2020-101,2020-7,Pitchfork,29/01/2020,80
2020-102,2020-7,Clash Music,27/01/2020,80
2020-103,2020-7,The Guardian,27/01/2020,80
2020-104,2020-8,musicOMH.com,23/03/2020,90
2020-105,2020-8,Uncut,16/03/2020,90
2020-106,2020-8,The Line of Best Fit,16/03/2020,90
2020-107,2020-8,Under The Radar,19/03/2020,85
2020-108,2020-8,The Quietus,23/03/2020,80
2020-109,2020-8,AllMusic,20/03/2020,80
2020-110,2020-8,New Musical Express (NME),20/03/2020,80
2020-111,2020-8,The Guardian,20/03/2020,80
2020-112,2020-8,Record Collector,19/03/2020,80
2020-113,2020-8,The Telegraph (UK),19/03/2020,80
2020-114,2020-8,DIY Magazine,19/03/2020,80
2020-115,2020-8,Mojo,16/03/2020,80
2020-116,2020-8,Q Magazine,16/03/2020,80
2020-117,2020-9,Uncut,05/02/2020,90
2020-118,2020-9,musicOMH.com,18/02/2020,80
2020-119,2020-9,Q Magazine,11/02/2020,80
2020-120,2020-9,The Guardian,06/02/2020,80
2020-121,2020-9,Mojo,05/02/2020,80
2020-122,2020-9,American Songwriter,05/02/2020,80
2020-123,2020-9,Exclaim,05/02/2020,80
2020-124,2020-10,Classic Rock Magazine,08/04/2020,90
2020-125,2020-10,Exclaim,04/03/2020,90
2020-126,2020-10,AllMusic,10/03/2020,80
2020-127,2020-10,Mojo,04/03/2020,80
2020-128,2020-10,Glide Magazine,04/03/2020,80
2020-129,2020-10,American Songwriter,04/03/2020,80
2020-130,2020-10,PopMatters,04/03/2020,80
2020-131,2020-11,New Musical Express (NME),11/03/2020,100
2020-132,2020-11,Clash Music,26/03/2020,90
2020-133,2020-11,DIY Magazine,12/03/2020,90
2020-134,2020-11,Exclaim,11/03/2020,90
2020-135,2020-11,Paste Magazine,16/03/2020,88
2020-136,2020-11,The Line of Best Fit,11/03/2020,85
2020-137,2020-11,Pitchfork,13/03/2020,84
2020-138,2020-11,Uncut,26/03/2020,80
2020-139,2020-11,The Quietus,26/03/2020,80
2020-140,2020-11,No Ripcord,16/03/2020,80
2020-141,2020-11,The Independent (UK),13/03/2020,80
2020-142,2020-11,The Guardian,12/03/2020,80
2020-143,2020-11,The Skinny,11/03/2020,80
2020-144,2020-11,Q Magazine,11/03/2020,60
2020-145,2020-12,Slant Magazine,26/03/2020,90
2020-146,2020-12,PopMatters,26/03/2020,90
2020-147,2020-12,AllMusic,30/03/2020,80
2020-148,2020-12,Glide Magazine,26/03/2020,80
2020-149,2020-12,Paste Magazine,26/03/2020,80
2020-150,2020-12,Uncut,26/03/2020,80
2020-151,2020-12,Pitchfork,31/03/2020,76
2020-152,2020-13,The Quietus,06/03/2020,90
2020-153,2020-13,The Wire,03/03/2020,90
2020-154,2020-13,AllMusic,18/02/2020,90
2020-155,2020-13,Resident Advisor,25/02/2020,80
2020-156,2020-13,Mojo,13/02/2020,80
2020-157,2020-13,Exclaim,13/02/2020,80
2020-158,2020-13,musicOMH.com,13/02/2020,80
2020-159,2020-13,Paste Magazine,13/02/2020,79
2020-160,2020-13,Pitchfork,14/02/2020,77
2020-161,2020-13,The Guardian,14/02/2020,60
2020-162,2020-14,New Musical Express (NME),12/03/2020,100
2020-163,2020-14,Pitchfork,12/03/2020,84
2020-164,2020-14,Consequence of Sound,16/03/2020,83
2020-165,2020-14,HipHopDX,31/03/2020,80
2020-166,2020-14,The New York Times,23/03/2020,80
2020-167,2020-14,Rolling Stone,12/03/2020,80
2020-168,2020-14,AllMusic,02/04/2020,70
2020-169,2020-14,Exclaim,12/03/2020,70
2020-170,2020-15,Consequence of Sound,13/03/2020,100
2020-171,2020-15,The Guardian,13/03/2020,100
2020-172,2020-15,Kerrang!,11/03/2020,100
2020-173,2020-15,Clash Music,11/03/2020,90
2020-174,2020-15,No Ripcord,06/04/2020,80
2020-175,2020-15,New Musical Express (NME),13/03/2020,80
2020-176,2020-15,The Independent (UK),13/03/2020,80
2020-177,2020-15,Q Magazine,11/03/2020,80
2020-178,2020-15,Exclaim,11/03/2020,70
2020-179,2020-15,Pitchfork,17/03/2020,45
2020-180,2020-16,Consequence of Sound,17/03/2020,91
2020-181,2020-16,AllMusic,02/04/2020,90
2020-182,2020-16,Pitchfork,17/03/2020,84
2020-183,2020-16,Entertainment Weekly,17/03/2020,83
2020-184,2020-16,Q Magazine,07/04/2020,80
2020-185,2020-16,Clash Music,31/03/2020,80
2020-186,2020-16,HipHopDX,24/03/2020,80
2020-187,2020-16,Variety,20/03/2020,75
2020-188,2020-16,Exclaim,18/03/2020,70
2020-189,2020-16,New Musical Express (NME),17/03/2020,60
2020-190,2020-17,Sputnikmusic,15/04/2020,90
2020-191,2020-17,Paste Magazine,01/04/2020,87
2020-192,2020-17,The Line of Best Fit,27/03/2020,85
2020-193,2020-17,Exclaim,07/04/2020,80
2020-194,2020-17,The New York Times,31/03/2020,80
2020-195,2020-17,Spin,27/03/2020,80
2020-196,2020-17,Rolling Stone,27/03/2020,80
2020-197,2020-17,New Musical Express (NME),27/03/2020,80
2020-198,2020-17,Pitchfork,31/03/2020,77
2020-199,2020-17,Sputnikmusic,27/03/2020,76
2020-200,2020-18,AllMusic,06/04/2020,90
2020-201,2020-18,Exclaim,02/04/2020,90
2020-202,2020-18,Glide Magazine,01/04/2020,90
2020-203,2020-18,Uncut,31/03/2020,90
2020-204,2020-18,Paste Magazine,08/04/2020,88
2020-205,2020-18,The Line of Best Fit,31/03/2020,85
2020-206,2020-18,Resident Advisor,15/04/2020,80
2020-207,2020-18,HipHopDX,14/04/2020,80
2020-208,2020-18,Under The Radar,13/04/2020,80
2020-209,2020-18,The Quietus,08/04/2020,80
2020-210,2020-18,Q Magazine,07/04/2020,80
2020-211,2020-18,DIY Magazine,06/04/2020,80
2020-212,2020-18,musicOMH.com,03/04/2020,80
2020-213,2020-18,New Musical Express (NME),02/04/2020,80
2020-214,2020-18,Clash Music,01/04/2020,80
2020-215,2020-18,The Independent (UK),01/04/2020,80
2020-216,2020-18,Mojo,31/03/2020,80
2020-217,2020-18,The Skinny,31/03/2020,80
2020-218,2020-18,Beats Per Minute,07/04/2020,74
2020-219,2020-18,Pitchfork,07/04/2020,74
2020-220,2020-18,Rolling Stone,07/04/2020,70
2020-221,2020-18,The Observer (UK),06/04/2020,60
2020-222,2020-19,The Wire,03/03/2020,90
2020-223,2020-19,AllMusic,17/01/2020,90
2020-224,2020-19,The Line of Best Fit,15/01/2020,85
2020-225,2020-19,PopMatters,22/01/2020,80
2020-226,2020-19,musicOMH.com,21/01/2020,80
2020-227,2020-19,Under The Radar,16/01/2020,80
2020-228,2020-19,Q Magazine,14/01/2020,80
2020-229,2020-19,Mojo,14/01/2020,80
2020-230,2020-19,Uncut,14/01/2020,80
2020-231,2020-19,Record Collector,14/01/2020,80
2020-232,2020-19,Pitchfork,11/02/2020,78
2020-233,2020-19,Paste Magazine,21/01/2020,73
2020-234,2020-19,Dusted Magazine,21/01/2020,60
2020-235,2020-20,The Guardian,27/02/2020,100
2020-236,2020-20,musicOMH.com,27/02/2020,90
2020-237,2020-20,Exclaim,25/02/2020,90
2020-238,2020-20,Slant Magazine,21/02/2020,90
2020-239,2020-20,Paste Magazine,06/03/2020,85
2020-240,2020-20,The Line of Best Fit,03/03/2020,85
2020-241,2020-20,Pitchfork,02/03/2020,82
2020-242,2020-20,Record Collector,07/04/2020,80
2020-243,2020-20,Dusted Magazine,04/03/2020,80
2020-244,2020-20,No Ripcord,02/03/2020,80
2020-245,2020-20,AllMusic,28/02/2020,80
2020-246,2020-20,NOW Magazine,28/02/2020,80
2020-247,2020-20,PopMatters,28/02/2020,80
2020-248,2020-20,DIY Magazine,27/02/2020,80
2020-249,2020-20,New Musical Express (NME),27/02/2020,80
2020-250,2020-20,The Independent (UK),27/02/2020,80
2020-251,2020-20,The Telegraph (UK),27/02/2020,80
2020-252,2020-20,The Skinny,24/02/2020,80
2020-253,2020-20,Mojo,21/02/2020,80
2020-254,2020-20,Q Magazine,21/02/2020,80
2020-255,2020-20,Uncut,21/02/2020,80
2020-256,2020-20,The Observer (UK),02/03/2020,60
2020-257,2020-20,The Quietus,27/03/2020,50
2020-258,2020-20,Resident Advisor,26/02/2020,50
2020-259,2020-21,AllMusic,13/03/2020,90
2020-260,2020-21,Pitchfork,30/03/2020,80
2020-261,2020-21,The Guardian,27/03/2020,80
2020-262,2020-21,The Wire,11/03/2020,80
2020-263,2020-21,Mojo,10/03/2020,80
2020-264,2020-21,Q Magazine,10/03/2020,80
2020-265,2020-21,Uncut,10/03/2020,80
2020-266,2020-21,Glide Magazine,10/03/2020,80
2020-267,2020-21,Under The Radar,16/03/2020,70
2020-268,2020-21,The Skinny,10/03/2020,60
2020-269,2020-22,The Independent (UK),17/01/2020,100
2020-270,2020-22,Sputnikmusic,21/01/2020,90
2020-271,2020-22,Exclaim,21/01/2020,90
2020-272,2020-22,Variety,17/01/2020,88
2020-273,2020-22,RapReviews.com,30/01/2020,85
2020-274,2020-22,Clash Music,03/02/2020,80
2020-275,2020-22,HipHopDX,21/01/2020,80
2020-276,2020-22,The Observer (UK),21/01/2020,80
2020-277,2020-22,Q Magazine,17/01/2020,80
2020-278,2020-22,New Musical Express (NME),17/01/2020,80
2020-279,2020-22,The Guardian,17/01/2020,80
2020-280,2020-22,Pitchfork,17/01/2020,74
2020-281,2020-22,AllMusic,17/01/2020,70
2020-282,2020-22,Rolling Stone,17/01/2020,70
2020-283,2020-23,Variety,20/03/2020,92
2020-284,2020-23,American Songwriter,06/03/2020,90
2020-285,2020-23,AllMusic,06/03/2020,90
2020-286,2020-23,Q Magazine,10/03/2020,80
2020-287,2020-23,Pitchfork,06/03/2020,75
2020-288,2020-23,Rolling Stone,06/03/2020,70
2020-289,2020-23,Exclaim,06/03/2020,70
2020-290,2020-24,PopMatters,24/03/2020,100
2020-291,2020-24,The Line of Best Fit,23/03/2020,100
2020-292,2020-24,The Guardian,23/03/2020,100
2020-293,2020-24,AllMusic,27/03/2020,90
2020-294,2020-24,Consequence of Sound,23/03/2020,83
2020-295,2020-24,Q Magazine,07/04/2020,80
2020-296,2020-24,Under The Radar,01/04/2020,80
2020-297,2020-24,Sputnikmusic,30/03/2020,80
2020-298,2020-24,Los Angeles Times,23/03/2020,80
2020-299,2020-24,New Musical Express (NME),23/03/2020,80
2020-300,2020-24,Exclaim,31/03/2020,70
2020-301,2020-24,HipHopDX,31/03/2020,68
2020-302,2020-24,The Telegraph (UK),31/03/2020,60
2020-303,2020-24,Pitchfork,26/03/2020,60
2020-304,2020-24,Clash Music,23/03/2020,50
2020-305,2020-25,AllMusic,13/03/2020,80
2020-306,2020-25,New Musical Express (NME),18/02/2020,80
2020-307,2020-25,The Observer (UK),18/02/2020,80
2020-308,2020-25,The Guardian,14/02/2020,80
2020-309,2020-25,The Line of Best Fit,14/02/2020,80
2020-310,2020-25,The Wire,12/02/2020,80
2020-311,2020-25,Mojo,12/02/2020,80
2020-312,2020-25,Q Magazine,12/02/2020,80
2020-313,2020-25,Clash Music,12/02/2020,80
2020-314,2020-25,Uncut,12/02/2020,80
2020-315,2020-25,Exclaim,13/02/2020,70
2020-316,2020-26,musicOMH.com,10/04/2020,80
2020-317,2020-26,Q Magazine,07/04/2020,80
2020-318,2020-26,Mojo,06/04/2020,80
2020-319,2020-26,American Songwriter,06/04/2020,80
2020-320,2020-26,The Observer (UK),06/04/2020,80
2020-321,2020-26,The Telegraph (UK),06/04/2020,80
2020-322,2020-26,The Line of Best Fit,09/04/2020,75
2020-323,2020-27,The Skinny,02/03/2020,100
2020-324,2020-27,The Line of Best Fit,04/03/2020,80
2020-325,2020-27,Uncut,02/03/2020,80
2020-326,2020-27,Mojo,02/03/2020,80
2020-327,2020-27,Q Magazine,02/03/2020,80
2020-328,2020-27,Paste Magazine,11/03/2020,78
2020-329,2020-27,Under The Radar,11/03/2020,75
2020-330,2020-27,The Observer (UK),16/03/2020,60
2020-331,2020-28,Variety,20/03/2020,96
2020-332,2020-28,Consequence of Sound,24/03/2020,91
2020-333,2020-28,The New York Times,01/04/2020,90
2020-334,2020-28,HipHopDX,30/03/2020,82
2020-335,2020-28,Q Magazine,07/04/2020,80
2020-336,2020-28,Slant Magazine,07/04/2020,80
2020-337,2020-28,Clash Music,26/03/2020,80
2020-338,2020-28,PopMatters,26/03/2020,80
2020-339,2020-28,AllMusic,26/03/2020,80
2020-340,2020-28,NOW Magazine,23/03/2020,80
2020-341,2020-28,Exclaim,23/03/2020,80
2020-342,2020-28,New Musical Express (NME),20/03/2020,80
2020-343,2020-28,The Guardian,20/03/2020,80
2020-344,2020-28,The Independent (UK),20/03/2020,80
2020-345,2020-28,Pitchfork,24/03/2020,79
2020-346,2020-28,Paste Magazine,25/03/2020,75
2020-347,2020-28,Entertainment Weekly,23/03/2020,75
2020-348,2020-28,Rolling Stone,23/03/2020,70
2020-349,2020-28,PopMatters,27/03/2020,60
2020-350,2020-29,Clash Music,05/03/2020,90
2020-351,2020-29,musicOMH.com,10/03/2020,80
2020-352,2020-29,The Observer (UK),09/03/2020,80
2020-353,2020-29,The Telegraph (UK),05/03/2020,80
2020-354,2020-29,New Musical Express (NME),05/03/2020,80
2020-355,2020-29,The Guardian,05/03/2020,80
2020-356,2020-29,Pitchfork,12/03/2020,74
2020-357,2020-30,Paste Magazine,06/02/2020,89
2020-358,2020-30,The Line of Best Fit,30/01/2020,85
2020-359,2020-30,Consequence of Sound,03/02/2020,83
2020-360,2020-30,Dusted Magazine,18/02/2020,80
2020-361,2020-30,Rolling Stone,03/02/2020,80
2020-362,2020-30,AllMusic,30/01/2020,80
2020-363,2020-30,DIY Magazine,30/01/2020,80
2020-364,2020-30,Mojo,30/01/2020,80
2020-365,2020-30,The Skinny,30/01/2020,80
2020-366,2020-30,Pitchfork,05/02/2020,77
2020-367,2020-30,Under The Radar,03/02/2020,70
2020-368,2020-30,Exclaim,30/01/2020,60
2020-369,2020-31,Entertainment Weekly,02/03/2020,91
2020-370,2020-31,Exclaim,03/03/2020,90
2020-371,2020-31,The Line of Best Fit,02/03/2020,90
2020-372,2020-31,Pitchfork,09/03/2020,85
2020-373,2020-31,Under The Radar,05/03/2020,85
2020-374,2020-31,Paste Magazine,09/03/2020,83
2020-375,2020-31,The Observer (UK),09/03/2020,80
2020-376,2020-31,AllMusic,05/03/2020,80
2020-377,2020-31,The Skinny,04/03/2020,80
2020-378,2020-31,Q Magazine,02/03/2020,80
2020-379,2020-31,Uncut,02/03/2020,80
2020-380,2020-31,Mojo,02/03/2020,80
2020-381,2020-31,No Ripcord,05/03/2020,70
2020-382,2020-31,PopMatters,09/03/2020,60
2020-383,2020-31,New Musical Express (NME),04/03/2020,60
2020-384,2020-32,Uncut,26/03/2020,90
2020-385,2020-32,Glide Magazine,18/03/2020,90
2020-386,2020-32,Pitchfork,24/03/2020,80
2020-387,2020-32,AllMusic,20/03/2020,80
2020-388,2020-32,Mojo,18/03/2020,80
2020-389,2020-32,The Wire,18/03/2020,80
2020-390,2020-32,Q Magazine,18/03/2020,60
2020-391,2020-33,AllMusic,17/01/2020,90
2020-392,2020-33,Paste Magazine,15/01/2020,81
2020-393,2020-33,PopMatters,15/01/2020,80
2020-394,2020-33,Mojo,17/12/2020,80
2020-395,2020-33,The Wire,29/05/2020,80
2020-396,2020-33,NOW Magazine,29/05/2020,80
2020-397,2020-33,Exclaim,29/05/2020,80
2020-398,2020-33,No Ripcord,29/05/2020,80
2020-399,2020-33,Pitchfork,21/01/2020,77
2020-400,2020-33,DIY Magazine,07/02/2020,70
2020-401,2020-33,musicOMH.com,29/01/2020,70
2020-402,2020-33,Uncut,27/01/2020,70
2020-403,2020-34,The Wire,03/03/2020,80
2020-404,2020-34,The Quietus,27/02/2020,80
2020-405,2020-34,Dusted Magazine,21/02/2020,80
2020-406,2020-34,Mojo,20/02/2020,80
2020-407,2020-34,Uncut,20/02/2020,80
2020-408,2020-34,AllMusic,20/02/2020,80
2020-409,2020-34,Clash Music,20/02/2020,80
2020-410,2020-34,Pitchfork,28/02/2020,78
2020-411,2020-34,PopMatters,19/03/2020,70
2020-412,2020-35,AllMusic,06/03/2020,90
2020-413,2020-35,The Quietus,20/03/2020,80
2020-414,2020-35,The Observer (UK),09/03/2020,80
2020-415,2020-35,Rolling Stone,06/03/2020,80
2020-416,2020-35,Mojo,04/03/2020,80
2020-417,2020-35,Q Magazine,04/03/2020,80
2020-418,2020-35,Uncut,04/03/2020,80
2020-419,2020-35,The Independent (UK),04/03/2020,80
2020-420,2020-35,musicOMH.com,09/03/2020,60
2020-421,2020-35,New Musical Express (NME),04/03/2020,60
2020-422,2020-36,The Line of Best Fit,21/02/2020,100
2020-423,2020-36,Variety,27/02/2020,92
2020-424,2020-36,Consequence of Sound,24/02/2020,83
2020-425,2020-36,Exclaim,24/02/2020,80
2020-426,2020-36,Rolling Stone,24/02/2020,80
2020-427,2020-36,AllMusic,21/02/2020,80
2020-428,2020-36,Los Angeles Times,21/02/2020,80
2020-429,2020-36,New Musical Express (NME),21/02/2020,80
2020-430,2020-36,The Independent (UK),21/02/2020,80
2020-431,2020-36,Clash Music,21/02/2020,80
2020-432,2020-36,The New York Times,04/03/2020,70
2020-433,2020-36,Pitchfork,25/02/2020,63
2020-434,2020-37,The Independent (UK),03/04/2020,100
2020-435,2020-37,New Musical Express (NME),03/04/2020,100
2020-436,2020-37,Paste Magazine,07/04/2020,82
2020-437,2020-37,Beats Per Minute,08/04/2020,80
2020-438,2020-37,Exclaim,03/04/2020,80
2020-439,2020-37,The Line of Best Fit,03/04/2020,80
2020-440,2020-37,Pitchfork,08/04/2020,74
2020-441,2020-37,AllMusic,03/04/2020,70
2020-442,2020-37,Q Magazine,07/04/2020,60
2020-443,2020-38,The Quietus,30/01/2020,90
2020-444,2020-38,PopMatters,21/01/2020,90
2020-445,2020-38,AllMusic,04/03/2020,80
2020-446,2020-38,The Wire,05/02/2020,80
2020-447,2020-38,Exclaim,21/01/2020,80
2020-448,2020-38,Pitchfork,21/01/2020,77
2020-449,2020-38,Dusted Magazine,04/02/2020,70
2020-450,2020-38,Uncut,21/01/2020,70
2020-451,2020-39,New Musical Express (NME),27/03/2020,100
2020-452,2020-39,DIY Magazine,26/03/2020,90
2020-453,2020-39,Under The Radar,26/03/2020,85
2020-454,2020-39,Q Magazine,07/04/2020,80
2020-455,2020-39,Sputnikmusic,30/03/2020,80
2020-456,2020-39,Clash Music,27/03/2020,80
2020-457,2020-39,AllMusic,26/03/2020,80
2020-458,2020-39,Mojo,26/03/2020,80
2020-459,2020-39,Pitchfork,06/04/2020,77
2020-460,2020-39,Beats Per Minute,01/04/2020,76
2020-461,2020-39,Exclaim,27/03/2020,70
2020-462,2020-39,Paste Magazine,30/03/2020,69
2020-463,2020-39,The Observer (UK),30/03/2020,60
2020-464,2020-39,The Skinny,26/03/2020,40
2020-465,2020-40,The Skinny,25/02/2020,100
2020-466,2020-40,No Ripcord,09/03/2020,90
2020-467,2020-40,Paste Magazine,28/02/2020,90
2020-468,2020-40,DIY Magazine,27/02/2020,90
2020-469,2020-40,Exclaim,25/02/2020,90
2020-470,2020-40,Under The Radar,28/02/2020,85
2020-471,2020-40,Consequence of Sound,27/02/2020,83
2020-472,2020-40,Rolling Stone,02/03/2020,80
2020-473,2020-40,AllMusic,28/02/2020,80
2020-474,2020-40,The Guardian,28/02/2020,80
2020-475,2020-40,New Musical Express (NME),27/02/2020,80
2020-476,2020-40,The Independent (UK),27/02/2020,80
2020-477,2020-40,Uncut,20/02/2020,80
2020-478,2020-40,Mojo,20/02/2020,80
2020-479,2020-40,Record Collector,20/02/2020,80
2020-480,2020-40,Beats Per Minute,25/03/2020,79
2020-481,2020-40,Pitchfork,28/02/2020,78
2020-482,2020-40,The Line of Best Fit,28/02/2020,75
2020-483,2020-40,Slant Magazine,20/02/2020,70
2020-484,2020-40,Sputnikmusic,02/03/2020,60
2020-485,2020-40,PopMatters,28/02/2020,60
2020-486,2020-40,Q Magazine,20/02/2020,60
2020-487,2020-41,The Line of Best Fit,07/04/2020,90
2020-488,2020-41,Paste Magazine,10/04/2020,82
2020-489,2020-41,musicOMH.com,13/04/2020,80
2020-490,2020-41,AllMusic,13/04/2020,80
2020-491,2020-41,Clash Music,09/04/2020,80
2020-492,2020-41,Mojo,07/04/2020,80
2020-493,2020-41,Q Magazine,07/04/2020,80
2020-494,2020-41,Pitchfork,14/04/2020,76
2020-495,2020-41,Beats Per Minute,14/04/2020,70
2020-496,2020-41,Uncut,07/04/2020,70
2020-497,2020-42,Exclaim,13/02/2020,90
2020-498,2020-42,The Line of Best Fit,13/02/2020,90
2020-499,2020-42,Sputnikmusic,13/02/2020,82
2020-500,2020-42,RapReviews.com,31/03/2020,80
2020-501,2020-42,The Wire,11/03/2020,80
2020-502,2020-42,Clash Music,18/02/2020,80
2020-503,2020-42,HipHopDX,18/02/2020,80
2020-504,2020-42,Pitchfork,13/02/2020,72
2020-505,2020-42,AllMusic,28/02/2020,70
2020-506,2020-43,Variety,27/03/2020,93
2020-507,2020-43,Exclaim,27/03/2020,90
2020-508,2020-43,AllMusic,02/04/2020,80
2020-509,2020-43,Q Magazine,27/03/2020,80
2020-510,2020-43,Clash Music,27/03/2020,80
2020-511,2020-43,New Musical Express (NME),27/03/2020,80
2020-512,2020-43,The Observer (UK),27/03/2020,80
2020-513,2020-43,Pitchfork,02/04/2020,68
2020-514,2020-43,The Telegraph (UK),31/03/2020,60
2020-515,2020-44,Paste Magazine,01/04/2020,87
2020-516,2020-44,The Line of Best Fit,27/03/2020,85
2020-517,2020-44,Sputnikmusic,27/03/2020,84
2020-518,2020-44,The New York Times,31/03/2020,80
2020-519,2020-44,Spin,27/03/2020,80
2020-520,2020-44,Rolling Stone,27/03/2020,80
2020-521,2020-44,New Musical Express (NME),27/03/2020,80
2020-522,2020-44,Exclaim,06/04/2020,70
2020-523,2020-44,Pitchfork,31/03/2020,67
2020-524,2020-45,Q Magazine,11/02/2020,80
2020-525,2020-45,Mojo,16/01/2020,80
2020-526,2020-45,AllMusic,16/01/2020,80
2020-527,2020-45,Uncut,16/01/2020,80
2020-528,2020-45,Pitchfork,03/02/2020,77
2020-529,2020-45,Exclaim,16/01/2020,70
2020-530,2020-45,The Skinny,21/01/2020,60
2020-531,2020-46,Q Magazine,20/03/2020,80
2020-532,2020-46,AllMusic,20/03/2020,80
2020-533,2020-46,Uncut,20/03/2020,80
2020-534,2020-46,Pitchfork,26/03/2020,78
2020-535,2020-46,Under The Radar,08/04/2020,75
2020-536,2020-46,musicOMH.com,31/03/2020,70
2020-537,2020-46,Dusted Magazine,20/03/2020,70
2020-538,2020-47,NOW Magazine,24/01/2020,100
2020-539,2020-47,Exclaim,24/01/2020,90
2020-540,2020-47,Paste Magazine,28/01/2020,81
2020-541,2020-47,Clash Music,04/02/2020,80
2020-542,2020-47,Dusted Magazine,29/01/2020,80
2020-543,2020-47,AllMusic,29/01/2020,80
2020-544,2020-47,No Ripcord,27/01/2020,80
2020-545,2020-47,Q Magazine,23/01/2020,80
2020-546,2020-47,PopMatters,23/01/2020,80
2020-547,2020-47,Pitchfork,30/01/2020,79
2020-548,2020-47,Uncut,23/01/2020,70
2020-549,2020-47,Mojo,23/01/2020,60
2020-550,2020-48,AllMusic,10/03/2020,90
2020-551,2020-48,The Line of Best Fit,04/03/2020,90
2020-552,2020-48,Exclaim,03/03/2020,90
2020-553,2020-48,Paste Magazine,10/03/2020,89
2020-554,2020-48,Q Magazine,07/04/2020,80
2020-555,2020-48,Under The Radar,06/03/2020,80
2020-556,2020-48,Uncut,03/03/2020,80
2020-557,2020-48,PopMatters,03/03/2020,80
2020-558,2020-48,Austin Chronicle,03/03/2020,78
2020-559,2020-48,Sputnikmusic,09/03/2020,74
2020-560,2020-48,musicOMH.com,16/03/2020,70
2020-561,2020-48,Rolling Stone,06/03/2020,70
2020-562,2020-48,Pitchfork,09/03/2020,67
2020-563,2020-48,DIY Magazine,05/03/2020,40
2020-564,2020-49,Consequence of Sound,17/01/2020,83
2020-565,2020-49,Q Magazine,11/02/2020,80
2020-566,2020-49,Exclaim,10/02/2020,80
2020-567,2020-49,The Observer (UK),21/01/2020,80
2020-568,2020-49,Clash Music,17/01/2020,80
2020-569,2020-49,New Musical Express (NME),17/01/2020,80
2020-570,2020-49,Rolling Stone,17/01/2020,80
2020-571,2020-49,HipHopDX,17/01/2020,80
2020-572,2020-49,Pitchfork,21/01/2020,73
2020-573,2020-49,The Guardian,17/01/2020,60
2020-574,2020-50,Pitchfork,31/01/2020,85
2020-575,2020-50,The Line of Best Fit,29/01/2020,85
2020-576,2020-50,Consequence of Sound,30/01/2020,83
2020-577,2020-50,No Ripcord,20/02/2020,80
2020-578,2020-50,New Musical Express (NME),05/02/2020,80
2020-579,2020-50,PopMatters,04/02/2020,80
2020-580,2020-50,NOW Magazine,03/02/2020,80
2020-581,2020-50,Under The Radar,31/01/2020,80
2020-582,2020-50,Dusted Magazine,30/01/2020,80
2020-583,2020-50,The Guardian,30/01/2020,80
2020-584,2020-50,Uncut,27/01/2020,80
2020-585,2020-50,Mojo,27/01/2020,80
2020-586,2020-50,Q Magazine,27/01/2020,80
2020-587,2020-50,Slant Magazine,27/01/2020,80
2020-588,2020-50,Paste Magazine,30/01/2020,77
2020-589,2020-50,Rolling Stone,03/02/2020,70
2020-590,2020-50,AllMusic,03/02/2020,70
2020-591,2020-50,Exclaim,28/01/2020,70
2020-592,2020-50,musicOMH.com,14/02/2020,60
2020-593,2020-50,DIY Magazine,30/01/2020,60
2020-594,2020-50,The Skinny,27/01/2020,60
2020-595,2020-51,AllMusic,06/03/2020,90
2020-596,2020-51,Uncut,04/03/2020,90
2020-597,2020-51,The Line of Best Fit,10/03/2020,85
2020-598,2020-51,Q Magazine,10/03/2020,80
2020-599,2020-51,Mojo,04/03/2020,80
2020-600,2020-51,American Songwriter,04/03/2020,80
2020-601,2020-51,Slant Magazine,04/03/2020,80
2020-602,2020-51,The Skinny,04/03/2020,80
2020-603,2020-51,Pitchfork,06/03/2020,77
2020-604,2020-51,musicOMH.com,11/03/2020,70
2020-605,2020-51,Rolling Stone,06/03/2020,70
2020-606,2020-51,DIY Magazine,05/03/2020,70
2020-607,2020-51,PopMatters,04/03/2020,70
2020-608,2020-51,Paste Magazine,18/03/2020,69
2020-609,2020-51,The Observer (UK),09/03/2020,60
2020-610,2020-51,New Musical Express (NME),06/03/2020,60
2020-611,2020-52,Chicago Tribune,31/01/2020,88
2020-612,2020-52,Classic Rock Magazine,06/02/2020,80
2020-613,2020-52,AllMusic,31/01/2020,80
2020-614,2020-52,Uncut,29/01/2020,80
2020-615,2020-52,Slant Magazine,29/01/2020,80
2020-616,2020-52,Mojo,28/01/2020,80
2020-617,2020-52,Q Magazine,28/01/2020,80
2020-618,2020-52,American Songwriter,28/01/2020,80
2020-619,2020-52,Glide Magazine,28/01/2020,80
2020-620,2020-52,Paste Magazine,30/01/2020,75
2020-621,2020-52,Pitchfork,11/02/2020,71
2020-622,2020-52,PopMatters,03/02/2020,70
2020-623,2020-52,No Ripcord,03/02/2020,70
2020-624,2020-52,Rolling Stone,31/01/2020,70
2020-625,2020-52,Exclaim,28/01/2020,70
2020-626,2020-53,Dusted Magazine,03/02/2020,90
2020-627,2020-53,AllMusic,24/01/2020,90
2020-628,2020-53,PopMatters,24/01/2020,90
2020-629,2020-53,Classic Rock Magazine,06/02/2020,80
2020-630,2020-53,Clash Music,29/01/2020,80
2020-631,2020-53,The Guardian,24/01/2020,80
2020-632,2020-53,The Quietus,24/01/2020,80
2020-633,2020-53,Uncut,22/01/2020,80
2020-634,2020-53,Q Magazine,22/01/2020,80
2020-635,2020-53,Record Collector,22/01/2020,80
2020-636,2020-53,Mojo,22/01/2020,80
2020-637,2020-53,Rolling Stone,24/01/2020,70
2020-638,2020-53,DIY Magazine,23/01/2020,70
2020-639,2020-53,The Wire,03/03/2020,50
2020-640,2020-53,No Ripcord,30/01/2020,50
2020-641,2020-54,musicOMH.com,15/01/2020,90
2020-642,2020-54,Austin Chronicle,21/02/2020,89
2020-643,2020-54,Kerrang!,04/02/2020,80
2020-644,2020-54,AllMusic,17/01/2020,80
2020-645,2020-54,Q Magazine,14/01/2020,80
2020-646,2020-54,Classic Rock Magazine,14/01/2020,80
2020-647,2020-54,PopMatters,14/01/2020,80
2020-648,2020-54,Pitchfork,24/01/2020,78
2020-649,2020-54,Uncut,27/01/2020,70
2020-650,2020-54,DIY Magazine,16/01/2020,70
2020-651,2020-54,Exclaim,14/01/2020,70
2020-652,2020-54,Rolling Stone,14/01/2020,60
2020-653,2020-55,Q Magazine,10/03/2020,80
2020-654,2020-55,Clash Music,09/03/2020,80
2020-655,2020-55,The Guardian,06/03/2020,80
2020-656,2020-55,Uncut,05/03/2020,80
2020-657,2020-55,DIY Magazine,05/03/2020,80
2020-658,2020-55,Paste Magazine,05/03/2020,78
2020-659,2020-55,Under The Radar,10/03/2020,75
2020-660,2020-55,The Line of Best Fit,05/03/2020,75
2020-661,2020-55,Exclaim,09/03/2020,70
2020-662,2020-55,AllMusic,05/03/2020,70
2020-663,2020-56,AllMusic,07/02/2020,90
2020-664,2020-56,Variety,07/02/2020,89
2020-665,2020-56,PopMatters,13/02/2020,80
2020-666,2020-56,Glide Magazine,07/02/2020,80
2020-667,2020-56,Mojo,06/02/2020,80
2020-668,2020-56,Exclaim,06/02/2020,80
2020-669,2020-56,Classic Rock Magazine,06/02/2020,70
2020-670,2020-56,The Skinny,06/02/2020,60
2020-671,2020-56,Uncut,06/02/2020,60
2020-672,2020-57,The Line of Best Fit,17/01/2020,90
2020-673,2020-57,Consequence of Sound,23/01/2020,83
2020-674,2020-57,Entertainment Weekly,17/01/2020,83
2020-675,2020-57,Q Magazine,11/02/2020,80
2020-676,2020-57,The Observer (UK),27/01/2020,80
2020-677,2020-57,Slant Magazine,21/01/2020,80
2020-678,2020-57,musicOMH.com,21/01/2020,80
2020-679,2020-57,Los Angeles Times,17/01/2020,80
2020-680,2020-57,Exclaim,17/01/2020,80
2020-681,2020-57,AllMusic,17/01/2020,80
2020-682,2020-57,New Musical Express (NME),17/01/2020,80
2020-683,2020-57,The Guardian,17/01/2020,80
2020-684,2020-57,Rolling Stone,16/01/2020,80
2020-685,2020-57,PopMatters,21/01/2020,70
2020-686,2020-57,Clash Music,21/01/2020,70
2020-687,2020-57,Paste Magazine,29/01/2020,68
2020-688,2020-57,Pitchfork,23/01/2020,65
2020-689,2020-57,No Ripcord,04/02/2020,40
2020-690,2020-58,AllMusic,02/04/2020,80
2020-691,2020-58,Kerrang!,02/04/2020,80
2020-692,2020-58,The Guardian,27/03/2020,80
2020-693,2020-58,DIY Magazine,26/03/2020,80
2020-694,2020-58,Glide Magazine,26/03/2020,80
2020-695,2020-58,New Musical Express (NME),25/03/2020,80
2020-696,2020-58,Mojo,24/03/2020,80
2020-697,2020-58,Q Magazine,24/03/2020,80
2020-698,2020-58,Exclaim,24/03/2020,80
2020-699,2020-58,Consequence of Sound,26/03/2020,75
2020-700,2020-58,Clash Music,24/03/2020,70
2020-701,2020-58,Uncut,26/03/2020,60
2020-702,2020-59,Kerrang!,24/03/2020,100
2020-703,2020-59,Variety,27/03/2020,90
2020-704,2020-59,Entertainment Weekly,25/03/2020,83
2020-705,2020-59,Consequence of Sound,09/03/2020,83
2020-706,2020-59,Q Magazine,07/04/2020,80
2020-707,2020-59,Under The Radar,02/04/2020,80
2020-708,2020-59,The Telegraph (UK),31/03/2020,80
2020-709,2020-59,Classic Rock Magazine,27/03/2020,80
2020-710,2020-59,The Independent (UK),27/03/2020,80
2020-711,2020-59,musicOMH.com,27/03/2020,80
2020-712,2020-59,PopMatters,26/03/2020,80
2020-713,2020-59,The Guardian,26/03/2020,80
2020-714,2020-59,AllMusic,26/03/2020,80
2020-715,2020-59,Mojo,17/03/2020,80
2020-716,2020-59,Spin,13/03/2020,80
2020-717,2020-59,Rolling Stone,09/03/2020,80
2020-718,2020-59,The A.V. Club,09/03/2020,75
2020-719,2020-59,American Songwriter,27/03/2020,70
2020-720,2020-59,Uncut,26/03/2020,70
2020-721,2020-59,Paste Magazine,25/03/2020,70
2020-722,2020-59,Exclaim,24/03/2020,70
2020-723,2020-59,Pitchfork,30/03/2020,62
2020-724,2020-59,No Ripcord,30/03/2020,60
2020-725,2020-59,Sputnikmusic,27/03/2020,60
2020-726,2020-59,New Musical Express (NME),24/03/2020,60
2020-727,2020-59,Slant Magazine,19/03/2020,60
2020-728,2020-60,musicOMH.com,03/04/2020,100
2020-729,2020-60,Classic Rock Magazine,08/04/2020,80
2020-730,2020-60,Q Magazine,07/04/2020,80
2020-731,2020-60,Record Collector,07/04/2020,80
2020-732,2020-60,DIY Magazine,06/04/2020,80
2020-733,2020-60,Uncut,02/04/2020,80
2020-734,2020-60,The Skinny,02/04/2020,80
2020-735,2020-60,The Line of Best Fit,02/04/2020,75
2020-736,2020-60,Beats Per Minute,06/04/2020,73
2020-737,2020-60,AllMusic,06/04/2020,70
2020-738,2020-60,Exclaim,02/04/2020,70
2020-739,2020-60,Kerrang!,06/04/2020,60
2020-740,2020-61,Paste Magazine,20/03/2020,82
2020-741,2020-61,PopMatters,10/03/2020,80
2020-742,2020-61,Mojo,05/03/2020,80
2020-743,2020-61,Uncut,05/03/2020,80
2020-744,2020-61,Classic Rock Magazine,05/03/2020,80
2020-745,2020-61,Pitchfork,17/03/2020,71
2020-746,2020-61,AllMusic,10/03/2020,70
2020-747,2020-61,Exclaim,05/03/2020,70
2020-748,2020-62,The Quietus,12/02/2020,90
2020-749,2020-62,Under The Radar,24/03/2020,80
2020-750,2020-62,Mojo,19/02/2020,80
2020-751,2020-62,PopMatters,07/02/2020,80
2020-752,2020-62,AllMusic,06/02/2020,80
2020-753,2020-62,The Line of Best Fit,06/02/2020,75
2020-754,2020-62,Classic Rock Magazine,05/03/2020,70
2020-755,2020-62,Clash Music,07/02/2020,70
2020-756,2020-62,Uncut,06/02/2020,70
2020-757,2020-62,DIY Magazine,06/02/2020,60
2020-758,2020-63,Punknews.org (Staff),25/02/2020,80
2020-759,2020-63,Q Magazine,13/02/2020,80
2020-760,2020-63,AllMusic,13/02/2020,80
2020-761,2020-63,Uncut,13/02/2020,80
2020-762,2020-63,PopMatters,13/02/2020,80
2020-763,2020-63,Clash Music,13/02/2020,80
2020-764,2020-63,Paste Magazine,26/02/2020,76
2020-765,2020-63,Under The Radar,30/03/2020,75
2020-766,2020-63,Kerrang!,18/02/2020,60
2020-767,2020-63,DIY Magazine,13/02/2020,60
2020-768,2020-64,Exclaim,21/02/2020,90
2020-769,2020-64,HipHopDX,24/02/2020,84
2020-770,2020-64,AllMusic,10/03/2020,80
2020-771,2020-64,New Musical Express (NME),21/02/2020,80
2020-772,2020-64,Q Magazine,21/02/2020,80
2020-773,2020-64,RapReviews.com,10/03/2020,70
2020-774,2020-64,Pitchfork,27/02/2020,58
2020-775,2020-65,Clash Music,13/01/2020,80
2020-776,2020-65,The Guardian,10/01/2020,80
2020-777,2020-65,musicOMH.com,10/01/2020,80
2020-778,2020-65,New Musical Express (NME),10/01/2020,80
2020-779,2020-65,The Independent (UK),10/01/2020,80
2020-780,2020-65,Q Magazine,09/01/2020,80
2020-781,2020-65,DIY Magazine,09/01/2020,80
2020-782,2020-65,The Telegraph (UK),09/01/2020,80
2020-783,2020-65,Paste Magazine,10/01/2020,78
2020-784,2020-65,No Ripcord,18/02/2020,70
2020-785,2020-65,The Line of Best Fit,13/01/2020,70
2020-786,2020-65,Pitchfork,09/01/2020,68
2020-787,2020-65,The Observer (UK),13/01/2020,60
2020-788,2020-66,musicOMH.com,06/04/2020,80
2020-789,2020-66,PopMatters,30/03/2020,80
2020-790,2020-66,NOW Magazine,27/03/2020,80
2020-791,2020-66,The Independent (UK),26/03/2020,80
2020-792,2020-66,Glide Magazine,24/03/2020,80
2020-793,2020-66,Mojo,24/03/2020,80
2020-794,2020-66,Uncut,26/03/2020,70
2020-795,2020-66,Exclaim,25/03/2020,70
2020-796,2020-66,American Songwriter,24/03/2020,60
2020-797,2020-67,DIY Magazine,20/03/2020,90
2020-798,2020-67,The Line of Best Fit,30/03/2020,80
2020-799,2020-67,The Observer (UK),23/03/2020,80
2020-800,2020-67,Q Magazine,20/03/2020,80
2020-801,2020-67,The Guardian,20/03/2020,80
2020-802,2020-67,AllMusic,20/03/2020,70
2020-803,2020-67,Pitchfork,26/03/2020,68
2020-804,2020-68,Variety,27/02/2020,90
2020-805,2020-68,AllMusic,14/02/2020,90
2020-806,2020-68,Record Collector,19/03/2020,80
2020-807,2020-68,No Ripcord,19/02/2020,80
2020-808,2020-68,Glide Magazine,18/02/2020,80
2020-809,2020-68,The Observer (UK),18/02/2020,80
2020-810,2020-68,The Independent (UK),14/02/2020,80
2020-811,2020-68,The Guardian,14/02/2020,80
2020-812,2020-68,Pitchfork,14/02/2020,80
2020-813,2020-68,The Skinny,13/02/2020,80
2020-814,2020-68,The Telegraph (UK),13/02/2020,80
2020-815,2020-68,DIY Magazine,13/02/2020,80
2020-816,2020-68,PopMatters,12/02/2020,80
2020-817,2020-68,Q Magazine,11/02/2020,80
2020-818,2020-68,musicOMH.com,11/02/2020,80
2020-819,2020-68,Mojo,10/02/2020,80
2020-820,2020-68,Uncut,10/02/2020,80
2020-821,2020-68,Clash Music,10/02/2020,80
2020-822,2020-68,New Musical Express (NME),10/02/2020,80
2020-823,2020-68,Sputnikmusic,14/02/2020,76
2020-824,2020-68,Under The Radar,23/03/2020,75
2020-825,2020-68,Consequence of Sound,20/02/2020,75
2020-826,2020-68,The Line of Best Fit,10/02/2020,75
2020-827,2020-68,Classic Rock Magazine,05/03/2020,70
2020-828,2020-68,Rolling Stone,10/02/2020,70
2020-829,2020-68,NOW Magazine,21/02/2020,60
2020-830,2020-68,Exclaim,11/02/2020,60
2020-831,2020-68,The A.V. Club,13/02/2020,58
2020-832,2020-68,Beats Per Minute,25/03/2020,54
2020-833,2020-68,The Quietus,24/02/2020,40
2020-834,2020-69,NOW Magazine,21/02/2020,100
2020-835,2020-69,The Independent (UK),20/02/2020,100
2020-836,2020-69,Variety,21/02/2020,93
2020-837,2020-69,Sputnikmusic,24/02/2020,84
2020-838,2020-69,Consequence of Sound,19/02/2020,83
2020-839,2020-69,Pitchfork,21/02/2020,82
2020-840,2020-69,No Ripcord,16/03/2020,80
2020-841,2020-69,Q Magazine,10/03/2020,80
2020-842,2020-69,The Observer (UK),02/03/2020,80
2020-843,2020-69,Slant Magazine,28/02/2020,80
2020-844,2020-69,musicOMH.com,27/02/2020,80
2020-845,2020-69,Resident Advisor,21/02/2020,80
2020-846,2020-69,The Line of Best Fit,21/02/2020,80
2020-847,2020-69,New Musical Express (NME),20/02/2020,80
2020-848,2020-69,The Guardian,20/02/2020,80
2020-849,2020-69,The Telegraph (UK),20/02/2020,80
2020-850,2020-69,Clash Music,20/02/2020,80
2020-851,2020-69,The New York Times,19/02/2020,80
2020-852,2020-69,AllMusic,24/02/2020,70
2020-853,2020-69,DIY Magazine,21/02/2020,70
2020-854,2020-69,Exclaim,19/02/2020,70
2020-855,2020-69,PopMatters,24/02/2020,60
2020-856,2020-69,The Skinny,21/02/2020,60
2020-857,2020-69,Rolling Stone,19/02/2020,60
2020-858,2020-69,Paste Magazine,21/02/2020,56
2020-859,2020-69,Under The Radar,16/04/2020,50
2020-860,2020-69,The Quietus,21/02/2020,50
2020-861,2020-70,Beats Per Minute,01/04/2020,90
2020-862,2020-70,Pitchfork,01/04/2020,80
2020-863,2020-70,The Skinny,26/03/2020,80
2020-864,2020-70,Exclaim,26/03/2020,80
2020-865,2020-70,Under The Radar,08/04/2020,75
2020-866,2020-70,Paste Magazine,26/03/2020,73
2020-867,2020-70,AllMusic,30/03/2020,70
2020-868,2020-70,Uncut,26/03/2020,70
2020-869,2020-71,Exclaim,23/01/2020,90
2020-870,2020-71,Paste Magazine,29/01/2020,86
2020-871,2020-71,musicOMH.com,31/01/2020,80
2020-872,2020-71,Dusted Magazine,29/01/2020,80
2020-873,2020-71,Mojo,23/01/2020,80
2020-874,2020-71,American Songwriter,23/01/2020,80
2020-875,2020-71,Uncut,23/01/2020,80
2020-876,2020-71,Pitchfork,29/01/2020,78
2020-877,2020-71,PopMatters,12/03/2020,70
2020-878,2020-71,No Ripcord,18/02/2020,70
2020-879,2020-71,Sputnikmusic,27/01/2020,60
2020-880,2020-71,AllMusic,24/01/2020,60
2020-881,2020-72,PopMatters,03/03/2020,80
2020-882,2020-72,Clash Music,03/02/2020,80
2020-883,2020-72,The Skinny,30/01/2020,80
2020-884,2020-72,Mojo,28/01/2020,80
2020-885,2020-72,Q Magazine,28/01/2020,80
2020-886,2020-72,The Line of Best Fit,28/01/2020,80
2020-887,2020-72,Uncut,28/01/2020,80
2020-888,2020-72,Paste Magazine,07/02/2020,79
2020-889,2020-72,AllMusic,30/01/2020,70
2020-890,2020-72,DIY Magazine,30/01/2020,70
2020-891,2020-72,Exclaim,29/01/2020,70
2020-892,2020-72,Pitchfork,03/02/2020,66
2020-893,2020-72,Under The Radar,11/02/2020,60
2020-894,2020-73,The Line of Best Fit,25/02/2020,90
2020-895,2020-73,Exclaim,21/02/2020,90
2020-896,2020-73,AllMusic,16/03/2020,80
2020-897,2020-73,Q Magazine,21/02/2020,80
2020-898,2020-73,musicOMH.com,21/02/2020,80
2020-899,2020-73,Pitchfork,27/02/2020,68
2020-900,2020-73,NOW Magazine,24/02/2020,60
2020-901,2020-73,DIY Magazine,21/02/2020,50
2020-902,2020-74,The Quietus,21/01/2020,80
2020-903,2020-74,musicOMH.com,13/01/2020,80
2020-904,2020-74,The Independent (UK),10/01/2020,80
2020-905,2020-74,AllMusic,10/01/2020,80
2020-906,2020-74,DIY Magazine,09/01/2020,80
2020-907,2020-74,PopMatters,09/01/2020,80
2020-908,2020-74,The Guardian,09/01/2020,80
2020-909,2020-74,Uncut,08/01/2020,80
2020-910,2020-74,The Skinny,07/01/2020,80
2020-911,2020-74,Q Magazine,07/01/2020,80
2020-912,2020-74,New Musical Express (NME),07/01/2020,80
2020-913,2020-74,Paste Magazine,08/01/2020,75
2020-914,2020-74,Clash Music,10/01/2020,70
2020-915,2020-74,Exclaim,08/01/2020,70
2020-916,2020-74,The Line of Best Fit,07/01/2020,70
2020-917,2020-74,Pitchfork,10/01/2020,68
2020-918,2020-74,The Observer (UK),13/01/2020,60
2020-919,2020-74,Mojo,07/01/2020,60
2020-920,2020-75,Paste Magazine,21/02/2020,87
2020-921,2020-75,Consequence of Sound,13/02/2020,83
2020-922,2020-75,Under The Radar,26/03/2020,80
2020-923,2020-75,The Observer (UK),18/02/2020,80
2020-924,2020-75,Rolling Stone,14/02/2020,80
2020-925,2020-75,DIY Magazine,13/02/2020,70
2020-926,2020-75,Pitchfork,13/02/2020,70
2020-927,2020-75,AllMusic,13/02/2020,70
2020-928,2020-75,The Skinny,14/02/2020,60
2020-929,2020-76,musicOMH.com,10/02/2020,80
2020-930,2020-76,Exclaim,07/02/2020,80
2020-931,2020-76,Q Magazine,06/02/2020,80
2020-932,2020-76,Uncut,06/02/2020,80
2020-933,2020-76,DIY Magazine,06/02/2020,80
2020-934,2020-76,Paste Magazine,12/02/2020,78
2020-935,2020-76,Pitchfork,10/02/2020,78
2020-936,2020-76,Under The Radar,24/02/2020,75
2020-937,2020-76,PopMatters,18/02/2020,70
2020-938,2020-76,AllMusic,10/02/2020,70
2020-939,2020-76,The Observer (UK),10/02/2020,60
2020-940,2020-76,The Skinny,06/02/2020,60
2020-941,2020-77,AllMusic,14/02/2020,80
2020-942,2020-77,Mojo,13/02/2020,80
2020-943,2020-77,PopMatters,13/02/2020,80
2020-944,2020-77,Paste Magazine,14/02/2020,78
2020-945,2020-77,Under The Radar,14/02/2020,75
2020-946,2020-77,No Ripcord,13/03/2020,70
2020-947,2020-77,Glide Magazine,13/02/2020,70
2020-948,2020-77,Uncut,13/02/2020,70
2020-949,2020-77,Pitchfork,20/02/2020,69
2020-950,2020-78,New Musical Express (NME),20/02/2020,100
2020-951,2020-78,Uncut,26/03/2020,80
2020-952,2020-78,Classic Rock Magazine,05/03/2020,80
2020-953,2020-78,Kerrang!,26/02/2020,80
2020-954,2020-78,Variety,21/02/2020,80
2020-955,2020-78,AllMusic,20/02/2020,80
2020-956,2020-78,Consequence of Sound,21/02/2020,75
2020-957,2020-78,Glide Magazine,24/02/2020,70
2020-958,2020-78,Clash Music,24/02/2020,70
2020-959,2020-78,Exclaim,21/02/2020,70
2020-960,2020-78,Rolling Stone,21/02/2020,70
2020-961,2020-78,musicOMH.com,21/02/2020,70
2020-962,2020-78,Sputnikmusic,24/02/2020,66
2020-963,2020-78,Pitchfork,03/03/2020,65
2020-964,2020-78,The Guardian,21/02/2020,60
2020-965,2020-79,The Wire,11/03/2020,80
2020-966,2020-79,Dusted Magazine,03/03/2020,80
2020-967,2020-79,Mojo,28/02/2020,80
2020-968,2020-79,Pitchfork,02/03/2020,74
2020-969,2020-79,Glide Magazine,02/03/2020,70
2020-970,2020-79,Exclaim,28/02/2020,70
2020-971,2020-79,Uncut,28/02/2020,70
2020-972,2020-79,AllMusic,28/02/2020,70
2020-973,2020-80,musicOMH.com,30/01/2020,90
2020-974,2020-80,Uncut,30/01/2020,90
2020-975,2020-80,PopMatters,18/02/2020,80
2020-976,2020-80,American Songwriter,03/02/2020,80
2020-977,2020-80,AllMusic,30/01/2020,80
2020-978,2020-80,Classic Rock Magazine,06/02/2020,70
2020-979,2020-80,Q Magazine,11/02/2020,60
2020-980,2020-80,Mojo,30/01/2020,60
2020-981,2020-81,musicOMH.com,19/02/2020,100
2020-982,2020-81,The Line of Best Fit,20/02/2020,90
2020-983,2020-81,AllMusic,21/02/2020,80
2020-984,2020-81,Mojo,19/02/2020,80
2020-985,2020-81,Uncut,19/02/2020,70
2020-986,2020-81,Under The Radar,10/04/2020,60
2020-987,2020-81,Q Magazine,19/02/2020,60
2020-988,2020-82,Q Magazine,10/03/2020,80
2020-989,2020-82,Paste Magazine,04/03/2020,80
2020-990,2020-82,AllMusic,28/02/2020,80
2020-991,2020-82,musicOMH.com,28/02/2020,80
2020-992,2020-82,Exclaim,26/02/2020,80
2020-993,2020-82,Mojo,26/02/2020,80
2020-994,2020-82,New Musical Express (NME),26/02/2020,80
2020-995,2020-82,Pitchfork,04/03/2020,73
2020-996,2020-82,The Line of Best Fit,03/03/2020,70
2020-997,2020-82,Clash Music,27/02/2020,70
2020-998,2020-82,Uncut,26/02/2020,70
2020-999,2020-82,DIY Magazine,27/02/2020,60
2020-1000,2020-82,The Observer (UK),02/03/2020,40
2020-1001,2020-83,PopMatters,03/02/2020,90
2020-1002,2020-83,Consequence of Sound,31/01/2020,83
2020-1003,2020-83,AllMusic,03/02/2020,80
2020-1004,2020-83,Glide Magazine,31/01/2020,80
2020-1005,2020-83,The Skinny,30/01/2020,80
2020-1006,2020-83,Under The Radar,30/01/2020,80
2020-1007,2020-83,DIY Magazine,30/01/2020,80
2020-1008,2020-83,New Musical Express (NME),30/01/2020,80
2020-1009,2020-83,Uncut,29/01/2020,80
2020-1010,2020-83,Paste Magazine,29/01/2020,80
2020-1011,2020-83,Exclaim,28/01/2020,80
2020-1012,2020-83,Chicago Tribune,28/01/2020,75
2020-1013,2020-83,Pitchfork,03/02/2020,74
2020-1014,2020-83,Rolling Stone,03/02/2020,70
2020-1015,2020-83,musicOMH.com,03/02/2020,70
2020-1016,2020-83,The Line of Best Fit,31/01/2020,65
2020-1017,2020-83,The Observer (UK),03/02/2020,60
2020-1018,2020-83,Q Magazine,28/01/2020,60
2020-1019,2020-83,Mojo,28/01/2020,60
2020-1020,2020-84,musicOMH.com,30/03/2020,80
2020-1021,2020-84,Q Magazine,10/03/2020,80
2020-1022,2020-84,Mojo,06/03/2020,80
2020-1023,2020-84,Classic Rock Magazine,06/03/2020,80
2020-1024,2020-84,Uncut,06/03/2020,70
2020-1025,2020-84,AllMusic,06/03/2020,70
2020-1026,2020-84,Dusted Magazine,06/03/2020,70
2020-1027,2020-84,American Songwriter,23/03/2020,60
2020-1028,2020-85,American Songwriter,18/03/2020,80
2020-1029,2020-85,Uncut,20/02/2020,80
2020-1030,2020-85,Under The Radar,07/02/2020,80
2020-1031,2020-85,Glide Magazine,07/02/2020,80
2020-1032,2020-85,PopMatters,07/02/2020,80
2020-1033,2020-85,Pitchfork,18/02/2020,76
2020-1034,2020-85,Paste Magazine,07/02/2020,76
2020-1035,2020-85,AllMusic,10/02/2020,70
2020-1036,2020-85,Mojo,17/03/2020,60
2020-1037,2020-86,Punknews.org (Staff),06/04/2020,90
2020-1038,2020-86,American Songwriter,27/03/2020,90
2020-1039,2020-86,Mojo,26/03/2020,80
2020-1040,2020-86,Exclaim,26/03/2020,80
2020-1041,2020-86,Kerrang!,26/03/2020,80
2020-1042,2020-86,Classic Rock Magazine,27/03/2020,70
2020-1043,2020-86,Uncut,26/03/2020,70
2020-1044,2020-86,AllMusic,26/03/2020,70
2020-1045,2020-86,Rolling Stone,08/04/2020,60
2020-1046,2020-87,American Songwriter,17/01/2020,80
2020-1047,2020-87,Mojo,14/01/2020,80
2020-1048,2020-87,Uncut,14/01/2020,80
2020-1049,2020-87,Under The Radar,05/03/2020,70
2020-1050,2020-87,AllMusic,29/01/2020,70
2020-1051,2020-87,Exclaim,29/01/2020,70
2020-1052,2020-87,Rolling Stone,14/01/2020,70
2020-1053,2020-87,Classic Rock Magazine,14/01/2020,70
2020-1054,2020-87,PopMatters,14/01/2020,70
2020-1055,2020-88,Entertainment Weekly,06/04/2020,91
2020-1056,2020-88,AllMusic,10/04/2020,90
2020-1057,2020-88,DIY Magazine,09/04/2020,90
2020-1058,2020-88,The Line of Best Fit,06/04/2020,85
2020-1059,2020-88,The Guardian,10/04/2020,80
2020-1060,2020-88,Under The Radar,09/04/2020,80
2020-1061,2020-88,The Independent (UK),08/04/2020,80
2020-1062,2020-88,Classic Rock Magazine,08/04/2020,80
2020-1063,2020-88,Mojo,06/04/2020,80
2020-1064,2020-88,New Musical Express (NME),06/04/2020,80
2020-1065,2020-88,Consequence of Sound,10/04/2020,75
2020-1066,2020-88,Glide Magazine,14/04/2020,70
2020-1067,2020-88,The New York Times,13/04/2020,70
2020-1068,2020-88,Rolling Stone,09/04/2020,70
2020-1069,2020-88,Uncut,06/04/2020,70
2020-1070,2020-88,Paste Magazine,06/04/2020,62
2020-1071,2020-88,The Observer (UK),13/04/2020,60
2020-1072,2020-88,musicOMH.com,13/04/2020,60
2020-1073,2020-88,Exclaim,10/04/2020,60
2020-1074,2020-88,The Telegraph (UK),09/04/2020,60
2020-1075,2020-88,Q Magazine,06/04/2020,60
2020-1076,2020-88,Pitchfork,10/04/2020,57
2020-1077,2020-89,Q Magazine,26/03/2020,80
2020-1078,2020-89,musicOMH.com,26/03/2020,80
2020-1079,2020-89,Pitchfork,27/03/2020,74
2020-1080,2020-89,The Line of Best Fit,27/03/2020,70
2020-1081,2020-89,Uncut,26/03/2020,70
2020-1082,2020-89,Exclaim,26/03/2020,70
2020-1083,2020-89,AllMusic,26/03/2020,70
2020-1084,2020-90,DIY Magazine,31/01/2020,90
2020-1085,2020-90,musicOMH.com,05/02/2020,80
2020-1086,2020-90,Kerrang!,31/01/2020,80
2020-1087,2020-90,New Musical Express (NME),31/01/2020,80
2020-1088,2020-90,Paste Magazine,31/01/2020,76
2020-1089,2020-90,Under The Radar,05/02/2020,75
2020-1090,2020-90,Q Magazine,11/02/2020,60
2020-1091,2020-90,The Line of Best Fit,06/02/2020,60
2020-1092,2020-91,The Line of Best Fit,21/01/2020,85
2020-1093,2020-91,No Ripcord,18/02/2020,80
2020-1094,2020-91,Mojo,16/01/2020,80
2020-1095,2020-91,Paste Magazine,16/01/2020,79
2020-1096,2020-91,Uncut,16/01/2020,70
2020-1097,2020-91,AllMusic,16/01/2020,70
2020-1098,2020-91,Sputnikmusic,21/01/2020,50
2020-1099,2020-92,The Line of Best Fit,21/01/2020,90
2020-1100,2020-92,Under The Radar,14/01/2020,85
2020-1101,2020-92,Paste Magazine,17/01/2020,81
2020-1102,2020-92,AllMusic,16/01/2020,80
2020-1103,2020-92,Clash Music,15/01/2020,80
2020-1104,2020-92,Mojo,14/01/2020,80
2020-1105,2020-92,Uncut,14/01/2020,80
2020-1106,2020-92,Consequence of Sound,16/01/2020,75
2020-1107,2020-92,The New York Times,23/01/2020,70
2020-1108,2020-92,Exclaim,21/01/2020,70
2020-1109,2020-92,Rolling Stone,14/01/2020,70
2020-1110,2020-92,Pitchfork,22/01/2020,66
2020-1111,2020-92,musicOMH.com,22/01/2020,60
2020-1112,2020-92,New Musical Express (NME),16/01/2020,60
2020-1113,2020-92,No Ripcord,23/01/2020,50
2020-1114,2020-93,Variety,10/01/2020,93
2020-1115,2020-93,Entertainment Weekly,09/01/2020,83
2020-1116,2020-93,musicOMH.com,14/01/2020,80
2020-1117,2020-93,AllMusic,10/01/2020,80
2020-1118,2020-93,Rolling Stone,10/01/2020,80
2020-1119,2020-93,Los Angeles Times,09/01/2020,80
2020-1120,2020-93,Paste Magazine,13/01/2020,70
2020-1121,2020-93,Pitchfork,14/01/2020,68
2020-1122,2020-93,Consequence of Sound,13/01/2020,67
2020-1123,2020-93,Slant Magazine,15/01/2020,60
2020-1124,2020-93,New Musical Express (NME),10/01/2020,60
2020-1125,2020-93,The Independent (UK),09/01/2020,60
2020-1126,2020-94,PopMatters,02/03/2020,80
2020-1127,2020-94,AllMusic,24/02/2020,80
2020-1128,2020-94,Classic Rock Magazine,21/02/2020,80
2020-1129,2020-94,Q Magazine,19/02/2020,80
2020-1130,2020-94,Uncut,19/02/2020,80
2020-1131,2020-94,Pitchfork,21/02/2020,73
2020-1132,2020-94,Rolling Stone,20/02/2020,70
2020-1133,2020-94,American Songwriter,19/02/2020,70
2020-1134,2020-94,Exclaim,19/02/2020,70
2020-1135,2020-94,Kerrang!,04/03/2020,60
2020-1136,2020-94,Mojo,19/02/2020,60
2020-1137,2020-95,Dusted Magazine,13/02/2020,80
2020-1138,2020-95,The Quietus,04/02/2020,80
2020-1139,2020-95,AllMusic,29/01/2020,80
2020-1140,2020-95,Uncut,29/01/2020,80
2020-1141,2020-95,Exclaim,28/01/2020,80
2020-1142,2020-95,Q Magazine,28/01/2020,80
2020-1143,2020-95,PopMatters,28/01/2020,80
2020-1144,2020-95,The Line of Best Fit,28/01/2020,80
2020-1145,2020-95,Beats Per Minute,25/03/2020,78
2020-1146,2020-95,The Wire,05/02/2020,70
2020-1147,2020-95,Resident Advisor,04/02/2020,70
2020-1148,2020-95,Pitchfork,31/01/2020,64
2020-1149,2020-95,musicOMH.com,31/01/2020,60
2020-1150,2020-95,The Guardian,31/01/2020,60
2020-1151,2020-95,Mojo,28/01/2020,60
2020-1152,2020-96,PopMatters,31/01/2020,80
2020-1153,2020-96,Mojo,23/01/2020,80
2020-1154,2020-96,Q Magazine,23/01/2020,80
2020-1155,2020-96,New Musical Express (NME),23/01/2020,80
2020-1156,2020-96,The Line of Best Fit,23/01/2020,80
2020-1157,2020-96,Under The Radar,25/02/2020,75
2020-1158,2020-96,DIY Magazine,07/02/2020,70
2020-1159,2020-96,Classic Rock Magazine,06/02/2020,70
2020-1160,2020-96,AllMusic,24/01/2020,70
2020-1161,2020-96,Exclaim,27/01/2020,60
2020-1162,2020-96,Uncut,23/01/2020,60
2020-1163,2020-96,The Skinny,23/01/2020,60
2020-1164,2020-97,Uncut,20/02/2020,80
2020-1165,2020-97,The Quietus,29/01/2020,80
2020-1166,2020-97,AllMusic,21/01/2020,80
2020-1167,2020-97,Paste Magazine,21/01/2020,78
2020-1168,2020-97,musicOMH.com,27/01/2020,70
2020-1169,2020-97,Exclaim,21/01/2020,70
2020-1170,2020-97,Under The Radar,19/02/2020,65
2020-1171,2020-97,Pitchfork,21/01/2020,59
2020-1172,2020-98,musicOMH.com,19/02/2020,90
2020-1173,2020-98,Under The Radar,13/04/2020,80
2020-1174,2020-98,PopMatters,26/02/2020,80
2020-1175,2020-98,Q Magazine,18/02/2020,80
2020-1176,2020-98,Classic Rock Magazine,18/02/2020,80
2020-1177,2020-98,Uncut,18/02/2020,70
2020-1178,2020-98,Kerrang!,26/02/2020,60
2020-1179,2020-98,Mojo,18/02/2020,60
2020-1180,2020-99,AllMusic,24/02/2020,90
2020-1181,2020-99,Exclaim,24/02/2020,80
2020-1182,2020-99,Mojo,20/02/2020,80
2020-1183,2020-99,The Skinny,20/02/2020,80
2020-1184,2020-99,Uncut,20/02/2020,70
2020-1185,2020-99,Q Magazine,20/02/2020,60
2020-1186,2020-99,DIY Magazine,20/02/2020,60
2020-1187,2020-99,Under The Radar,04/03/2020,40
